{
  "@microsoft/generator-sharepoint": {
    "plusBeta": false,
    "isCreatingSolution": true,
    "nodeVersion": "18.20.4",
    "sdksVersions": {
      "@microsoft/microsoft-graph-client": "3.0.2",
      "@microsoft/teams-js": "2.12.0"
    },
    "version": "1.19.0",
    "libraryName": "snap-and-share-tc",
    "libraryId": "37c6f008-31c8-4a94-8d14-0e7c05e0f211",
    "environment": "spo",
    "packageManager": "npm",
    "solutionName": "snap-and-share-tc",
    "solutionShortDescription": "snap-and-share-tc description",
    "skipFeatureDeployment": true,
    "isDomainIsolated": false,
    "componentType": "webpart"
  }
}
